"filename", "language", "TypeScript", "Markdown", "YAML", "JSON", "MS SQL", "JavaScript", "Docker", "Ignore", "JSON with Comments", "Shell Script", "HTML", "TypeScript JSX", "CSS", "XML", "vue", "NGINX Conf", "comment", "blank", "total"
"/home/orinda/projects/my-app/.github/workflows/npm-gulp.yml", "YAML", 0, 0, 23, 0, 0, 0, 0, 0, 0, 0, 0, 0, 0, 0, 0, 0, 0, 7, 30
"/home/orinda/projects/my-app/.idea/git_toolbox_blame.xml", "XML", 0, 0, 0, 0, 0, 0, 0, 0, 0, 0, 0, 0, 0, 6, 0, 0, 0, 0, 6
"/home/orinda/projects/my-app/.idea/inspectionProfiles/Project_Default.xml", "XML", 0, 0, 0, 0, 0, 0, 0, 0, 0, 0, 0, 0, 0, 6, 0, 0, 0, 0, 6
"/home/orinda/projects/my-app/.idea/jsLibraryMappings.xml", "XML", 0, 0, 0, 0, 0, 0, 0, 0, 0, 0, 0, 0, 0, 6, 0, 0, 0, 0, 6
"/home/orinda/projects/my-app/.idea/modules.xml", "XML", 0, 0, 0, 0, 0, 0, 0, 0, 0, 0, 0, 0, 0, 8, 0, 0, 0, 0, 8
"/home/orinda/projects/my-app/.idea/my-app.iml", "XML", 0, 0, 0, 0, 0, 0, 0, 0, 0, 0, 0, 0, 0, 12, 0, 0, 0, 0, 12
"/home/orinda/projects/my-app/.idea/prettier.xml", "XML", 0, 0, 0, 0, 0, 0, 0, 0, 0, 0, 0, 0, 0, 6, 0, 0, 0, 0, 6
"/home/orinda/projects/my-app/.idea/runConfigurations/dev_web.xml", "XML", 0, 0, 0, 0, 0, 0, 0, 0, 0, 0, 0, 0, 0, 12, 0, 0, 0, 0, 12
"/home/orinda/projects/my-app/.idea/vcs.xml", "XML", 0, 0, 0, 0, 0, 0, 0, 0, 0, 0, 0, 0, 0, 6, 0, 0, 0, 0, 6
"/home/orinda/projects/my-app/README.md", "Markdown", 0, 1, 0, 0, 0, 0, 0, 0, 0, 0, 0, 0, 0, 0, 0, 0, 0, 1, 2
"/home/orinda/projects/my-app/base-paths.ts", "TypeScript", 7, 0, 0, 0, 0, 0, 0, 0, 0, 0, 0, 0, 0, 0, 0, 0, 0, 2, 9
"/home/orinda/projects/my-app/deploy/admin/docker-compose-admin.yml", "YAML", 0, 0, 15, 0, 0, 0, 0, 0, 0, 0, 0, 0, 0, 0, 0, 0, 0, 1, 16
"/home/orinda/projects/my-app/deploy/backend/docker-compose-backend.yml", "YAML", 0, 0, 15, 0, 0, 0, 0, 0, 0, 0, 0, 0, 0, 0, 0, 0, 0, 2, 17
"/home/orinda/projects/my-app/deploy/web/docker-compose-web.yml", "YAML", 0, 0, 15, 0, 0, 0, 0, 0, 0, 0, 0, 0, 0, 0, 0, 0, 0, 1, 16
"/home/orinda/projects/my-app/gulpfile.ts", "TypeScript", 2, 0, 0, 0, 0, 0, 0, 0, 0, 0, 0, 0, 0, 0, 0, 0, 1, 1, 4
"/home/orinda/projects/my-app/package.json", "JSON", 0, 0, 0, 62, 0, 0, 0, 0, 0, 0, 0, 0, 0, 0, 0, 0, 0, 1, 63
"/home/orinda/projects/my-app/packages/admin/.dockerignore", "Ignore", 0, 0, 0, 0, 0, 0, 0, 4, 0, 0, 0, 0, 0, 0, 0, 0, 0, 0, 4
"/home/orinda/projects/my-app/packages/admin/Dockerfile", "Docker", 0, 0, 0, 0, 0, 0, 14, 0, 0, 0, 0, 0, 0, 0, 0, 0, 8, 8, 30
"/home/orinda/projects/my-app/packages/admin/README.md", "Markdown", 0, 40, 0, 0, 0, 0, 0, 0, 0, 0, 0, 0, 0, 0, 0, 0, 0, 11, 51
"/home/orinda/projects/my-app/packages/admin/components.json", "JSON", 0, 0, 0, 21, 0, 0, 0, 0, 0, 0, 0, 0, 0, 0, 0, 0, 0, 0, 21
"/home/orinda/projects/my-app/packages/admin/eslint.config.js", "JavaScript", 0, 0, 0, 0, 0, 27, 0, 0, 0, 0, 0, 0, 0, 0, 0, 0, 0, 2, 29
"/home/orinda/projects/my-app/packages/admin/index.html", "HTML", 0, 0, 0, 0, 0, 0, 0, 0, 0, 0, 13, 0, 0, 0, 0, 0, 0, 1, 14
"/home/orinda/projects/my-app/packages/admin/nginx/nginx.conf", "NGINX Conf", 0, 0, 0, 0, 0, 0, 0, 0, 0, 0, 0, 0, 0, 0, 0, 9, 1, 2, 12
"/home/orinda/projects/my-app/packages/admin/package.json", "JSON", 0, 0, 0, 50, 0, 0, 0, 0, 0, 0, 0, 0, 0, 0, 0, 0, 0, 1, 51
"/home/orinda/projects/my-app/packages/admin/postcss.config.js", "JavaScript", 0, 0, 0, 0, 0, 6, 0, 0, 0, 0, 0, 0, 0, 0, 0, 0, 0, 1, 7
"/home/orinda/projects/my-app/packages/admin/public/logo-001.svg", "XML", 0, 0, 0, 0, 0, 0, 0, 0, 0, 0, 0, 0, 0, 1, 0, 0, 0, 0, 1
"/home/orinda/projects/my-app/packages/admin/public/logo-003.svg", "XML", 0, 0, 0, 0, 0, 0, 0, 0, 0, 0, 0, 0, 0, 1, 0, 0, 0, 0, 1
"/home/orinda/projects/my-app/packages/admin/public/vite.svg", "XML", 0, 0, 0, 0, 0, 0, 0, 0, 0, 0, 0, 0, 0, 1, 0, 0, 0, 0, 1
"/home/orinda/projects/my-app/packages/admin/src/App.tsx", "TypeScript JSX", 0, 0, 0, 0, 0, 0, 0, 0, 0, 0, 0, 13, 0, 0, 0, 0, 0, 3, 16
"/home/orinda/projects/my-app/packages/admin/src/assets/react.svg", "XML", 0, 0, 0, 0, 0, 0, 0, 0, 0, 0, 0, 0, 0, 1, 0, 0, 0, 0, 1
"/home/orinda/projects/my-app/packages/admin/src/components/dashboard/dashboard-header.tsx", "TypeScript JSX", 0, 0, 0, 0, 0, 0, 0, 0, 0, 0, 0, 15, 0, 0, 0, 0, 2, 2, 19
"/home/orinda/projects/my-app/packages/admin/src/components/dashboard/dashboard-sidebar.tsx", "TypeScript JSX", 0, 0, 0, 0, 0, 0, 0, 0, 0, 0, 0, 185, 0, 0, 0, 0, 3, 11, 199
"/home/orinda/projects/my-app/packages/admin/src/components/header.tsx", "TypeScript JSX", 0, 0, 0, 0, 0, 0, 0, 0, 0, 0, 0, 43, 0, 0, 0, 0, 0, 2, 45
"/home/orinda/projects/my-app/packages/admin/src/components/home-banner.tsx", "TypeScript JSX", 0, 0, 0, 0, 0, 0, 0, 0, 0, 0, 0, 21, 0, 0, 0, 0, 0, 2, 23
"/home/orinda/projects/my-app/packages/admin/src/components/loading.tsx", "TypeScript JSX", 0, 0, 0, 0, 0, 0, 0, 0, 0, 0, 0, 41, 0, 0, 0, 0, 12, 6, 59
"/home/orinda/projects/my-app/packages/admin/src/components/max-width.tsx", "TypeScript JSX", 0, 0, 0, 0, 0, 0, 0, 0, 0, 0, 0, 16, 0, 0, 0, 0, 0, 3, 19
"/home/orinda/projects/my-app/packages/admin/src/components/ui/button.tsx", "TypeScript JSX", 0, 0, 0, 0, 0, 0, 0, 0, 0, 0, 0, 52, 0, 0, 0, 0, 0, 6, 58
"/home/orinda/projects/my-app/packages/admin/src/components/ui/card.tsx", "TypeScript JSX", 0, 0, 0, 0, 0, 0, 0, 0, 0, 0, 0, 68, 0, 0, 0, 0, 0, 9, 77
"/home/orinda/projects/my-app/packages/admin/src/components/ui/checkbox.tsx", "TypeScript JSX", 0, 0, 0, 0, 0, 0, 0, 0, 0, 0, 0, 25, 0, 0, 0, 0, 0, 4, 29
"/home/orinda/projects/my-app/packages/admin/src/components/ui/form.tsx", "TypeScript JSX", 0, 0, 0, 0, 0, 0, 0, 0, 0, 0, 0, 152, 0, 0, 0, 0, 0, 25, 177
"/home/orinda/projects/my-app/packages/admin/src/components/ui/input.tsx", "TypeScript JSX", 0, 0, 0, 0, 0, 0, 0, 0, 0, 0, 0, 19, 0, 0, 0, 0, 0, 4, 23
"/home/orinda/projects/my-app/packages/admin/src/components/ui/label.tsx", "TypeScript JSX", 0, 0, 0, 0, 0, 0, 0, 0, 0, 0, 0, 20, 0, 0, 0, 0, 0, 5, 25
"/home/orinda/projects/my-app/packages/admin/src/components/ui/select.tsx", "TypeScript JSX", 0, 0, 0, 0, 0, 0, 0, 0, 0, 0, 0, 145, 0, 0, 0, 0, 0, 13, 158
"/home/orinda/projects/my-app/packages/admin/src/context/actions/auth-actions.tsx", "TypeScript JSX", 0, 0, 0, 0, 0, 0, 0, 0, 0, 0, 0, 19, 0, 0, 0, 0, 0, 2, 21
"/home/orinda/projects/my-app/packages/admin/src/context/actions/index.tsx", "TypeScript JSX", 0, 0, 0, 0, 0, 0, 0, 0, 0, 0, 0, 3, 0, 0, 0, 0, 0, 2, 5
"/home/orinda/projects/my-app/packages/admin/src/context/actions/theme-actions.tsx", "TypeScript JSX", 0, 0, 0, 0, 0, 0, 0, 0, 0, 0, 0, 13, 0, 0, 0, 0, 0, 2, 15
"/home/orinda/projects/my-app/packages/admin/src/context/auth-theme-context.tsx", "TypeScript JSX", 0, 0, 0, 0, 0, 0, 0, 0, 0, 0, 0, 67, 0, 0, 0, 0, 1, 12, 80
"/home/orinda/projects/my-app/packages/admin/src/context/reducers/auth-reducer.tsx", "TypeScript JSX", 0, 0, 0, 0, 0, 0, 0, 0, 0, 0, 0, 30, 0, 0, 0, 0, 0, 3, 33
"/home/orinda/projects/my-app/packages/admin/src/context/reducers/theme-reducer.tsx", "TypeScript JSX", 0, 0, 0, 0, 0, 0, 0, 0, 0, 0, 0, 14, 0, 0, 0, 0, 0, 2, 16
"/home/orinda/projects/my-app/packages/admin/src/hooks/use-auth.tsx", "TypeScript JSX", 0, 0, 0, 0, 0, 0, 0, 0, 0, 0, 0, 48, 0, 0, 0, 0, 3, 11, 62
"/home/orinda/projects/my-app/packages/admin/src/index.css", "CSS", 0, 0, 0, 0, 0, 0, 0, 0, 0, 0, 0, 0, 72, 0, 0, 0, 0, 4, 76
"/home/orinda/projects/my-app/packages/admin/src/layout/context-layout.tsx", "TypeScript JSX", 0, 0, 0, 0, 0, 0, 0, 0, 0, 0, 0, 13, 0, 0, 0, 0, 0, 3, 16
"/home/orinda/projects/my-app/packages/admin/src/layout/dashboard-layout.tsx", "TypeScript JSX", 0, 0, 0, 0, 0, 0, 0, 0, 0, 0, 0, 14, 0, 0, 0, 0, 0, 2, 16
"/home/orinda/projects/my-app/packages/admin/src/layout/non-auth-layout.tsx", "TypeScript JSX", 0, 0, 0, 0, 0, 0, 0, 0, 0, 0, 0, 14, 0, 0, 0, 0, 3, 4, 21
"/home/orinda/projects/my-app/packages/admin/src/layout/protected-layout.tsx", "TypeScript JSX", 0, 0, 0, 0, 0, 0, 0, 0, 0, 0, 0, 17, 0, 0, 0, 0, 1, 2, 20
"/home/orinda/projects/my-app/packages/admin/src/lib/toast.tsx", "TypeScript JSX", 0, 0, 0, 0, 0, 0, 0, 0, 0, 0, 0, 22, 0, 0, 0, 0, 1, 3, 26
"/home/orinda/projects/my-app/packages/admin/src/lib/utils.ts", "TypeScript", 5, 0, 0, 0, 0, 0, 0, 0, 0, 0, 0, 0, 0, 0, 0, 0, 0, 2, 7
"/home/orinda/projects/my-app/packages/admin/src/main.tsx", "TypeScript JSX", 0, 0, 0, 0, 0, 0, 0, 0, 0, 0, 0, 9, 0, 0, 0, 0, 0, 2, 11
"/home/orinda/projects/my-app/packages/admin/src/pages/dashboard/dashboard.tsx", "TypeScript JSX", 0, 0, 0, 0, 0, 0, 0, 0, 0, 0, 0, 3, 0, 0, 0, 0, 0, 1, 4
"/home/orinda/projects/my-app/packages/admin/src/pages/errors/base-error-page.tsx", "TypeScript JSX", 0, 0, 0, 0, 0, 0, 0, 0, 0, 0, 0, 67, 0, 0, 0, 0, 6, 6, 79
"/home/orinda/projects/my-app/packages/admin/src/pages/errors/not-found-page.tsx", "TypeScript JSX", 0, 0, 0, 0, 0, 0, 0, 0, 0, 0, 0, 42, 0, 0, 0, 0, 5, 6, 53
"/home/orinda/projects/my-app/packages/admin/src/pages/errors/unauthorized-page.tsx", "TypeScript JSX", 0, 0, 0, 0, 0, 0, 0, 0, 0, 0, 0, 58, 0, 0, 0, 0, 6, 6, 70
"/home/orinda/projects/my-app/packages/admin/src/pages/homepage.tsx", "TypeScript JSX", 0, 0, 0, 0, 0, 0, 0, 0, 0, 0, 0, 11, 0, 0, 0, 0, 0, 1, 12
"/home/orinda/projects/my-app/packages/admin/src/pages/login-page.tsx", "TypeScript JSX", 0, 0, 0, 0, 0, 0, 0, 0, 0, 0, 0, 167, 0, 0, 0, 0, 2, 8, 177
"/home/orinda/projects/my-app/packages/admin/src/pages/logout-page.tsx", "TypeScript JSX", 0, 0, 0, 0, 0, 0, 0, 0, 0, 0, 0, 6, 0, 0, 0, 0, 0, 2, 8
"/home/orinda/projects/my-app/packages/admin/src/pages/register-page.tsx", "TypeScript JSX", 0, 0, 0, 0, 0, 0, 0, 0, 0, 0, 0, 204, 0, 0, 0, 0, 0, 3, 207
"/home/orinda/projects/my-app/packages/admin/src/router/index.tsx", "TypeScript JSX", 0, 0, 0, 0, 0, 0, 0, 0, 0, 0, 0, 22, 0, 0, 0, 0, 1, 3, 26
"/home/orinda/projects/my-app/packages/admin/src/router/open-auth.routes.tsx", "TypeScript JSX", 0, 0, 0, 0, 0, 0, 0, 0, 0, 0, 0, 18, 0, 0, 0, 0, 1, 5, 24
"/home/orinda/projects/my-app/packages/admin/src/router/protected-auth.routes.tsx", "TypeScript JSX", 0, 0, 0, 0, 0, 0, 0, 0, 0, 0, 0, 37, 0, 0, 0, 0, 1, 5, 43
"/home/orinda/projects/my-app/packages/admin/src/types/login.tsx", "TypeScript JSX", 0, 0, 0, 0, 0, 0, 0, 0, 0, 0, 0, 29, 0, 0, 0, 0, 0, 3, 32
"/home/orinda/projects/my-app/packages/admin/src/types/state.tsx", "TypeScript JSX", 0, 0, 0, 0, 0, 0, 0, 0, 0, 0, 0, 39, 0, 0, 0, 0, 0, 6, 45
"/home/orinda/projects/my-app/packages/admin/src/utils/api-client/index.tsx", "TypeScript JSX", 0, 0, 0, 0, 0, 0, 0, 0, 0, 0, 0, 5, 0, 0, 0, 0, 0, 3, 8
"/home/orinda/projects/my-app/packages/admin/src/utils/crypto.tsx", "TypeScript JSX", 0, 0, 0, 0, 0, 0, 0, 0, 0, 0, 0, 141, 0, 0, 0, 0, 11, 29, 181
"/home/orinda/projects/my-app/packages/admin/src/utils/schema/login.schema.tsx", "TypeScript JSX", 0, 0, 0, 0, 0, 0, 0, 0, 0, 0, 0, 6, 0, 0, 0, 0, 0, 3, 9
"/home/orinda/projects/my-app/packages/admin/src/utils/schema/register-schema.tsx", "TypeScript JSX", 0, 0, 0, 0, 0, 0, 0, 0, 0, 0, 0, 10, 0, 0, 0, 0, 0, 3, 13
"/home/orinda/projects/my-app/packages/admin/src/vite-env.d.ts", "TypeScript", 0, 0, 0, 0, 0, 0, 0, 0, 0, 0, 0, 0, 0, 0, 0, 0, 1, 1, 2
"/home/orinda/projects/my-app/packages/admin/tailwind.config.js", "JavaScript", 0, 0, 0, 0, 0, 59, 0, 0, 0, 0, 0, 0, 0, 0, 0, 0, 1, 1, 61
"/home/orinda/projects/my-app/packages/admin/tsconfig.app.json", "JSON", 0, 0, 0, 26, 0, 0, 0, 0, 0, 0, 0, 0, 0, 0, 0, 0, 3, 4, 33
"/home/orinda/projects/my-app/packages/admin/tsconfig.json", "JSON with Comments", 0, 0, 0, 0, 0, 0, 0, 0, 13, 0, 0, 0, 0, 0, 0, 0, 0, 2, 15
"/home/orinda/projects/my-app/packages/admin/tsconfig.node.json", "JSON", 0, 0, 0, 20, 0, 0, 0, 0, 0, 0, 0, 0, 0, 0, 0, 0, 2, 3, 25
"/home/orinda/projects/my-app/packages/admin/vite.config.ts", "TypeScript", 12, 0, 0, 0, 0, 0, 0, 0, 0, 0, 0, 0, 0, 0, 0, 0, 1, 2, 15
"/home/orinda/projects/my-app/packages/backend/.dockerignore", "Ignore", 0, 0, 0, 0, 0, 0, 0, 4, 0, 0, 0, 0, 0, 0, 0, 0, 0, 0, 4
"/home/orinda/projects/my-app/packages/backend/.prettierignore", "Ignore", 0, 0, 0, 0, 0, 0, 0, 6, 0, 0, 0, 0, 0, 0, 0, 0, 0, 1, 7
"/home/orinda/projects/my-app/packages/backend/.prettierrc.json", "JSON", 0, 0, 0, 11, 0, 0, 0, 0, 0, 0, 0, 0, 0, 0, 0, 0, 0, 1, 12
"/home/orinda/projects/my-app/packages/backend/Dockerfile", "Docker", 0, 0, 0, 0, 0, 0, 20, 0, 0, 0, 0, 0, 0, 0, 0, 0, 15, 11, 46
"/home/orinda/projects/my-app/packages/backend/README.md", "Markdown", 0, 41, 0, 0, 0, 0, 0, 0, 0, 0, 0, 0, 0, 0, 0, 0, 0, 12, 53
"/home/orinda/projects/my-app/packages/backend/drizzle.config.ts", "TypeScript", 16, 0, 0, 0, 0, 0, 0, 0, 0, 0, 0, 0, 0, 0, 0, 0, 0, 1, 17
"/home/orinda/projects/my-app/packages/backend/eslint.config.mjs", "JavaScript", 0, 0, 0, 0, 0, 63, 0, 0, 0, 0, 0, 0, 0, 0, 0, 0, 2, 6, 71
"/home/orinda/projects/my-app/packages/backend/nodemon.json", "JSON", 0, 0, 0, 25, 0, 0, 0, 0, 0, 0, 0, 0, 0, 0, 0, 0, 0, 0, 25
"/home/orinda/projects/my-app/packages/backend/package.json", "JSON", 0, 0, 0, 79, 0, 0, 0, 0, 0, 0, 0, 0, 0, 0, 0, 0, 0, 1, 80
"/home/orinda/projects/my-app/packages/backend/paths.ts", "TypeScript", 11, 0, 0, 0, 0, 0, 0, 0, 0, 0, 0, 0, 0, 0, 0, 0, 0, 3, 14
"/home/orinda/projects/my-app/packages/backend/scripts/run.sh", "Shell Script", 0, 0, 0, 0, 0, 0, 0, 0, 0, 2, 0, 0, 0, 0, 0, 0, 0, 1, 3
"/home/orinda/projects/my-app/packages/backend/src/api/client/auth/controllers/login.controller.ts", "TypeScript", 38, 0, 0, 0, 0, 0, 0, 0, 0, 0, 0, 0, 0, 0, 0, 0, 0, 8, 46
"/home/orinda/projects/my-app/packages/backend/src/api/client/auth/controllers/logout.controller.ts", "TypeScript", 26, 0, 0, 0, 0, 0, 0, 0, 0, 0, 0, 0, 0, 0, 0, 0, 1, 6, 33
"/home/orinda/projects/my-app/packages/backend/src/api/client/auth/controllers/register.controller.ts", "TypeScript", 26, 0, 0, 0, 0, 0, 0, 0, 0, 0, 0, 0, 0, 0, 0, 0, 0, 5, 31
"/home/orinda/projects/my-app/packages/backend/src/api/client/auth/controllers/session.controller.ts", "TypeScript", 32, 0, 0, 0, 0, 0, 0, 0, 0, 0, 0, 0, 0, 0, 0, 0, 0, 4, 36
"/home/orinda/projects/my-app/packages/backend/src/api/client/auth/controllers/set-current-organization.controller.ts", "TypeScript", 39, 0, 0, 0, 0, 0, 0, 0, 0, 0, 0, 0, 0, 0, 0, 0, 0, 4, 43
"/home/orinda/projects/my-app/packages/backend/src/api/client/auth/entities/login-entity.ts", "TypeScript", 14, 0, 0, 0, 0, 0, 0, 0, 0, 0, 0, 0, 0, 0, 0, 0, 0, 3, 17
"/home/orinda/projects/my-app/packages/backend/src/api/client/auth/index.ts", "TypeScript", 23, 0, 0, 0, 0, 0, 0, 0, 0, 0, 0, 0, 0, 0, 0, 0, 0, 5, 28
"/home/orinda/projects/my-app/packages/backend/src/api/client/auth/schema/schema.ts", "TypeScript", 56, 0, 0, 0, 0, 0, 0, 0, 0, 0, 0, 0, 0, 0, 0, 0, 8, 8, 72
"/home/orinda/projects/my-app/packages/backend/src/api/client/auth/services/login.service.ts", "TypeScript", 94, 0, 0, 0, 0, 0, 0, 0, 0, 0, 0, 0, 0, 0, 0, 0, 0, 10, 104
"/home/orinda/projects/my-app/packages/backend/src/api/client/auth/services/register.service.ts", "TypeScript", 66, 0, 0, 0, 0, 0, 0, 0, 0, 0, 0, 0, 0, 0, 0, 0, 1, 7, 74
"/home/orinda/projects/my-app/packages/backend/src/api/client/auth/services/set-current-organization.service.ts", "TypeScript", 35, 0, 0, 0, 0, 0, 0, 0, 0, 0, 0, 0, 0, 0, 0, 0, 0, 5, 40
"/home/orinda/projects/my-app/packages/backend/src/api/client/auth/utils/get-client-ip.test.ts", "TypeScript", 31, 0, 0, 0, 0, 0, 0, 0, 0, 0, 0, 0, 0, 0, 0, 0, 0, 8, 39
"/home/orinda/projects/my-app/packages/backend/src/api/client/auth/utils/get-client-ip.ts", "TypeScript", 13, 0, 0, 0, 0, 0, 0, 0, 0, 0, 0, 0, 0, 0, 0, 0, 0, 3, 16
"/home/orinda/projects/my-app/packages/backend/src/api/client/auth/utils/module-permission-setup.ts", "TypeScript", 0, 0, 0, 0, 0, 0, 0, 0, 0, 0, 0, 0, 0, 0, 0, 0, 57, 11, 68
"/home/orinda/projects/my-app/packages/backend/src/api/client/department-roles/controllers/create-department-role.controller.ts", "TypeScript", 31, 0, 0, 0, 0, 0, 0, 0, 0, 0, 0, 0, 0, 0, 0, 0, 0, 4, 35
"/home/orinda/projects/my-app/packages/backend/src/api/client/department-roles/index.ts", "TypeScript", 11, 0, 0, 0, 0, 0, 0, 0, 0, 0, 0, 0, 0, 0, 0, 0, 0, 5, 16
"/home/orinda/projects/my-app/packages/backend/src/api/client/department-roles/schema/schema.ts", "TypeScript", 26, 0, 0, 0, 0, 0, 0, 0, 0, 0, 0, 0, 0, 0, 0, 0, 1, 6, 33
"/home/orinda/projects/my-app/packages/backend/src/api/client/department-roles/services/add-department-role.service.ts", "TypeScript", 79, 0, 0, 0, 0, 0, 0, 0, 0, 0, 0, 0, 0, 0, 0, 0, 7, 12, 98
"/home/orinda/projects/my-app/packages/backend/src/api/client/department-title/controllers/create-department.controller.ts", "TypeScript", 30, 0, 0, 0, 0, 0, 0, 0, 0, 0, 0, 0, 0, 0, 0, 0, 0, 4, 34
"/home/orinda/projects/my-app/packages/backend/src/api/client/department-title/controllers/fetch-departments.controller.ts", "TypeScript", 26, 0, 0, 0, 0, 0, 0, 0, 0, 0, 0, 0, 0, 0, 0, 0, 0, 4, 30
"/home/orinda/projects/my-app/packages/backend/src/api/client/department-title/controllers/update-department-title.controller.ts", "TypeScript", 33, 0, 0, 0, 0, 0, 0, 0, 0, 0, 0, 0, 0, 0, 0, 0, 0, 4, 37
"/home/orinda/projects/my-app/packages/backend/src/api/client/department-title/index.ts", "TypeScript", 16, 0, 0, 0, 0, 0, 0, 0, 0, 0, 0, 0, 0, 0, 0, 0, 0, 5, 21
"/home/orinda/projects/my-app/packages/backend/src/api/client/department-title/schema/schema.ts", "TypeScript", 63, 0, 0, 0, 0, 0, 0, 0, 0, 0, 0, 0, 0, 0, 0, 0, 1, 6, 70
"/home/orinda/projects/my-app/packages/backend/src/api/client/department-title/services/create-department-title.service.ts", "TypeScript", 47, 0, 0, 0, 0, 0, 0, 0, 0, 0, 0, 0, 0, 0, 0, 0, 0, 7, 54
"/home/orinda/projects/my-app/packages/backend/src/api/client/department-title/services/fetch-department-title.service.ts", "TypeScript", 25, 0, 0, 0, 0, 0, 0, 0, 0, 0, 0, 0, 0, 0, 0, 0, 0, 3, 28
"/home/orinda/projects/my-app/packages/backend/src/api/client/department-title/services/update-department.service.ts", "TypeScript", 51, 0, 0, 0, 0, 0, 0, 0, 0, 0, 0, 0, 0, 0, 0, 0, 0, 8, 59
"/home/orinda/projects/my-app/packages/backend/src/api/client/department/controllers/create-department.controller.ts", "TypeScript", 31, 0, 0, 0, 0, 0, 0, 0, 0, 0, 0, 0, 0, 0, 0, 0, 0, 4, 35
"/home/orinda/projects/my-app/packages/backend/src/api/client/department/controllers/fetch-departments.controller.ts", "TypeScript", 26, 0, 0, 0, 0, 0, 0, 0, 0, 0, 0, 0, 0, 0, 0, 0, 0, 4, 30
"/home/orinda/projects/my-app/packages/backend/src/api/client/department/controllers/update-department.controller.ts", "TypeScript", 33, 0, 0, 0, 0, 0, 0, 0, 0, 0, 0, 0, 0, 0, 0, 0, 0, 4, 37
"/home/orinda/projects/my-app/packages/backend/src/api/client/department/index.ts", "TypeScript", 16, 0, 0, 0, 0, 0, 0, 0, 0, 0, 0, 0, 0, 0, 0, 0, 0, 5, 21
"/home/orinda/projects/my-app/packages/backend/src/api/client/department/schema/schema.ts", "TypeScript", 61, 0, 0, 0, 0, 0, 0, 0, 0, 0, 0, 0, 0, 0, 0, 0, 1, 6, 68
"/home/orinda/projects/my-app/packages/backend/src/api/client/department/services/create-department.service.ts", "TypeScript", 45, 0, 0, 0, 0, 0, 0, 0, 0, 0, 0, 0, 0, 0, 0, 0, 0, 7, 52
"/home/orinda/projects/my-app/packages/backend/src/api/client/department/services/get-department.service.ts", "TypeScript", 25, 0, 0, 0, 0, 0, 0, 0, 0, 0, 0, 0, 0, 0, 0, 0, 0, 4, 29
"/home/orinda/projects/my-app/packages/backend/src/api/client/department/services/update-department.service.ts", "TypeScript", 48, 0, 0, 0, 0, 0, 0, 0, 0, 0, 0, 0, 0, 0, 0, 0, 0, 7, 55
"/home/orinda/projects/my-app/packages/backend/src/api/client/organization-designations/controllers/create-organization-designation.controller.ts", "TypeScript", 33, 0, 0, 0, 0, 0, 0, 0, 0, 0, 0, 0, 0, 0, 0, 0, 0, 4, 37
"/home/orinda/projects/my-app/packages/backend/src/api/client/organization-designations/controllers/fetch-organization-designation.controller.ts", "TypeScript", 26, 0, 0, 0, 0, 0, 0, 0, 0, 0, 0, 0, 0, 0, 0, 0, 0, 4, 30
"/home/orinda/projects/my-app/packages/backend/src/api/client/organization-designations/controllers/update-organization-designation.controller.ts", "TypeScript", 38, 0, 0, 0, 0, 0, 0, 0, 0, 0, 0, 0, 0, 0, 0, 0, 0, 4, 42
"/home/orinda/projects/my-app/packages/backend/src/api/client/organization-designations/index.ts", "TypeScript", 16, 0, 0, 0, 0, 0, 0, 0, 0, 0, 0, 0, 0, 0, 0, 0, 0, 5, 21
"/home/orinda/projects/my-app/packages/backend/src/api/client/organization-designations/schema/schema.ts", "TypeScript", 61, 0, 0, 0, 0, 0, 0, 0, 0, 0, 0, 0, 0, 0, 0, 0, 0, 5, 66
"/home/orinda/projects/my-app/packages/backend/src/api/client/organization-designations/services/create-org-designation.service.ts", "TypeScript", 48, 0, 0, 0, 0, 0, 0, 0, 0, 0, 0, 0, 0, 0, 0, 0, 1, 7, 56
"/home/orinda/projects/my-app/packages/backend/src/api/client/organization-designations/services/fetch-org-designation.service.ts", "TypeScript", 25, 0, 0, 0, 0, 0, 0, 0, 0, 0, 0, 0, 0, 0, 0, 0, 0, 3, 28
"/home/orinda/projects/my-app/packages/backend/src/api/client/organization-designations/services/update-org-designation.service.ts", "TypeScript", 68, 0, 0, 0, 0, 0, 0, 0, 0, 0, 0, 0, 0, 0, 0, 0, 0, 9, 77
"/home/orinda/projects/my-app/packages/backend/src/api/client/organization-members/controllers/add-organization-member.controller.ts", "TypeScript", 32, 0, 0, 0, 0, 0, 0, 0, 0, 0, 0, 0, 0, 0, 0, 0, 0, 4, 36
"/home/orinda/projects/my-app/packages/backend/src/api/client/organization-members/controllers/fetch-organization-members.controller.ts", "TypeScript", 33, 0, 0, 0, 0, 0, 0, 0, 0, 0, 0, 0, 0, 0, 0, 0, 0, 4, 37
"/home/orinda/projects/my-app/packages/backend/src/api/client/organization-members/controllers/remove-organization-member.controller.ts", "TypeScript", 33, 0, 0, 0, 0, 0, 0, 0, 0, 0, 0, 0, 0, 0, 0, 0, 0, 4, 37
"/home/orinda/projects/my-app/packages/backend/src/api/client/organization-members/index.ts", "TypeScript", 16, 0, 0, 0, 0, 0, 0, 0, 0, 0, 0, 0, 0, 0, 0, 0, 0, 5, 21
"/home/orinda/projects/my-app/packages/backend/src/api/client/organization-members/schema/index.ts", "TypeScript", 16, 0, 0, 0, 0, 0, 0, 0, 0, 0, 0, 0, 0, 0, 0, 0, 0, 4, 20
"/home/orinda/projects/my-app/packages/backend/src/api/client/organization-members/services/add-organization-member.service.ts", "TypeScript", 119, 0, 0, 0, 0, 0, 0, 0, 0, 0, 0, 0, 0, 0, 0, 0, 0, 13, 132
"/home/orinda/projects/my-app/packages/backend/src/api/client/organization-members/services/fetch-organization-members.service.ts", "TypeScript", 71, 0, 0, 0, 0, 0, 0, 0, 0, 0, 0, 0, 0, 0, 0, 0, 0, 3, 74
"/home/orinda/projects/my-app/packages/backend/src/api/client/organization-members/services/remove-organization-member.service.ts", "TypeScript", 78, 0, 0, 0, 0, 0, 0, 0, 0, 0, 0, 0, 0, 0, 0, 0, 0, 10, 88
"/home/orinda/projects/my-app/packages/backend/src/api/client/organizations/controllers/create-organization.controller.ts", "TypeScript", 29, 0, 0, 0, 0, 0, 0, 0, 0, 0, 0, 0, 0, 0, 0, 0, 0, 4, 33
"/home/orinda/projects/my-app/packages/backend/src/api/client/organizations/controllers/get-organizations.controller.ts", "TypeScript", 25, 0, 0, 0, 0, 0, 0, 0, 0, 0, 0, 0, 0, 0, 0, 0, 0, 4, 29
"/home/orinda/projects/my-app/packages/backend/src/api/client/organizations/controllers/update-organization.controller.ts", "TypeScript", 35, 0, 0, 0, 0, 0, 0, 0, 0, 0, 0, 0, 0, 0, 0, 0, 0, 4, 39
"/home/orinda/projects/my-app/packages/backend/src/api/client/organizations/index.ts", "TypeScript", 16, 0, 0, 0, 0, 0, 0, 0, 0, 0, 0, 0, 0, 0, 0, 0, 0, 5, 21
"/home/orinda/projects/my-app/packages/backend/src/api/client/organizations/schema/schema.ts", "TypeScript", 57, 0, 0, 0, 0, 0, 0, 0, 0, 0, 0, 0, 0, 0, 0, 0, 0, 5, 62
"/home/orinda/projects/my-app/packages/backend/src/api/client/organizations/services/create-organization.service.ts", "TypeScript", 51, 0, 0, 0, 0, 0, 0, 0, 0, 0, 0, 0, 0, 0, 0, 0, 1, 8, 60
"/home/orinda/projects/my-app/packages/backend/src/api/client/organizations/services/get-organizations.service.ts", "TypeScript", 35, 0, 0, 0, 0, 0, 0, 0, 0, 0, 0, 0, 0, 0, 0, 0, 1, 4, 40
"/home/orinda/projects/my-app/packages/backend/src/api/client/organizations/services/update-organization.service.ts", "TypeScript", 64, 0, 0, 0, 0, 0, 0, 0, 0, 0, 0, 0, 0, 0, 0, 0, 0, 9, 73
"/home/orinda/projects/my-app/packages/backend/src/api/v1.ts", "TypeScript", 35, 0, 0, 0, 0, 0, 0, 0, 0, 0, 0, 0, 0, 0, 0, 0, 1, 4, 40
"/home/orinda/projects/my-app/packages/backend/src/app/index.ts", "TypeScript", 38, 0, 0, 0, 0, 0, 0, 0, 0, 0, 0, 0, 0, 0, 0, 0, 9, 3, 50
"/home/orinda/projects/my-app/packages/backend/src/common/bases/controller.ts", "TypeScript", 23, 0, 0, 0, 0, 0, 0, 0, 0, 0, 0, 0, 0, 0, 0, 0, 30, 6, 59
"/home/orinda/projects/my-app/packages/backend/src/common/config/index.ts", "TypeScript", 33, 0, 0, 0, 0, 0, 0, 0, 0, 0, 0, 0, 0, 0, 0, 0, 0, 6, 39
"/home/orinda/projects/my-app/packages/backend/src/common/constants/persmission-table.ts", "TypeScript", 15, 0, 0, 0, 0, 0, 0, 0, 0, 0, 0, 0, 0, 0, 0, 0, 1, 4, 20
"/home/orinda/projects/my-app/packages/backend/src/common/decorators/controller.decorator.ts", "TypeScript", 132, 0, 0, 0, 0, 0, 0, 0, 0, 0, 0, 0, 0, 0, 0, 0, 47, 19, 198
"/home/orinda/projects/my-app/packages/backend/src/common/decorators/login-required.decorator.ts", "TypeScript", 0, 0, 0, 0, 0, 0, 0, 0, 0, 0, 0, 0, 0, 0, 0, 0, 44, 10, 54
"/home/orinda/projects/my-app/packages/backend/src/common/decorators/service-transaction.ts", "TypeScript", 26, 0, 0, 0, 0, 0, 0, 0, 0, 0, 0, 0, 0, 0, 0, 0, 0, 7, 33
"/home/orinda/projects/my-app/packages/backend/src/common/di/auto-bind.ts", "TypeScript", 66, 0, 0, 0, 0, 0, 0, 0, 0, 0, 0, 0, 0, 0, 0, 0, 1, 10, 77
"/home/orinda/projects/my-app/packages/backend/src/common/di/index.ts", "TypeScript", 10, 0, 0, 0, 0, 0, 0, 0, 0, 0, 0, 0, 0, 0, 0, 0, 0, 4, 14
"/home/orinda/projects/my-app/packages/backend/src/common/errors/base.ts", "TypeScript", 45, 0, 0, 0, 0, 0, 0, 0, 0, 0, 0, 0, 0, 0, 0, 0, 0, 8, 53
"/home/orinda/projects/my-app/packages/backend/src/common/errors/route-err-handler.ts", "TypeScript", 37, 0, 0, 0, 0, 0, 0, 0, 0, 0, 0, 0, 0, 0, 0, 0, 1, 7, 45
"/home/orinda/projects/my-app/packages/backend/src/common/http/index.ts", "TypeScript", 196, 0, 0, 0, 0, 0, 0, 0, 0, 0, 0, 0, 0, 0, 0, 0, 1, 7, 204
"/home/orinda/projects/my-app/packages/backend/src/common/interfaces/controller.ts", "TypeScript", 29, 0, 0, 0, 0, 0, 0, 0, 0, 0, 0, 0, 0, 0, 0, 0, 2, 5, 36
"/home/orinda/projects/my-app/packages/backend/src/common/interfaces/helpers.ts", "TypeScript", 7, 0, 0, 0, 0, 0, 0, 0, 0, 0, 0, 0, 0, 0, 0, 0, 0, 4, 11
"/home/orinda/projects/my-app/packages/backend/src/common/logger/index.ts", "TypeScript", 61, 0, 0, 0, 0, 0, 0, 0, 0, 0, 0, 0, 0, 0, 0, 0, 0, 16, 77
"/home/orinda/projects/my-app/packages/backend/src/common/schema/env.schema.ts", "TypeScript", 26, 0, 0, 0, 0, 0, 0, 0, 0, 0, 0, 0, 0, 0, 0, 0, 0, 5, 31
"/home/orinda/projects/my-app/packages/backend/src/common/schema/gender.ts", "TypeScript", 3, 0, 0, 0, 0, 0, 0, 0, 0, 0, 0, 0, 0, 0, 0, 0, 1, 3, 7
"/home/orinda/projects/my-app/packages/backend/src/common/schema/validator.ts", "TypeScript", 25, 0, 0, 0, 0, 0, 0, 0, 0, 0, 0, 0, 0, 0, 0, 0, 0, 5, 30
"/home/orinda/projects/my-app/packages/backend/src/common/utils/avatar.ts", "TypeScript", 3, 0, 0, 0, 0, 0, 0, 0, 0, 0, 0, 0, 0, 0, 0, 0, 0, 1, 4
"/home/orinda/projects/my-app/packages/backend/src/common/utils/controller-auth.ts", "TypeScript", 27, 0, 0, 0, 0, 0, 0, 0, 0, 0, 0, 0, 0, 0, 0, 0, 0, 4, 31
"/home/orinda/projects/my-app/packages/backend/src/common/utils/cookie.ts", "TypeScript", 41, 0, 0, 0, 0, 0, 0, 0, 0, 0, 0, 0, 0, 0, 0, 0, 47, 11, 99
"/home/orinda/projects/my-app/packages/backend/src/common/utils/drizzle.ts", "TypeScript", 23, 0, 0, 0, 0, 0, 0, 0, 0, 0, 0, 0, 0, 0, 0, 0, 0, 6, 29
"/home/orinda/projects/my-app/packages/backend/src/common/utils/file-manager.ts", "TypeScript", 69, 0, 0, 0, 0, 0, 0, 0, 0, 0, 0, 0, 0, 0, 0, 0, 45, 19, 133
"/home/orinda/projects/my-app/packages/backend/src/common/utils/get-sesion-user.ts", "TypeScript", 71, 0, 0, 0, 0, 0, 0, 0, 0, 0, 0, 0, 0, 0, 0, 0, 0, 10, 81
"/home/orinda/projects/my-app/packages/backend/src/common/utils/jwt.ts", "TypeScript", 51, 0, 0, 0, 0, 0, 0, 0, 0, 0, 0, 0, 0, 0, 0, 0, 25, 7, 83
"/home/orinda/projects/my-app/packages/backend/src/common/utils/numbers.ts", "TypeScript", 26, 0, 0, 0, 0, 0, 0, 0, 0, 0, 0, 0, 0, 0, 0, 0, 0, 7, 33
"/home/orinda/projects/my-app/packages/backend/src/common/utils/pagination.ts", "TypeScript", 12, 0, 0, 0, 0, 0, 0, 0, 0, 0, 0, 0, 0, 0, 0, 0, 0, 5, 17
"/home/orinda/projects/my-app/packages/backend/src/common/utils/password.ts", "TypeScript", 15, 0, 0, 0, 0, 0, 0, 0, 0, 0, 0, 0, 0, 0, 0, 0, 11, 4, 30
"/home/orinda/projects/my-app/packages/backend/src/common/utils/permission-generator.ts", "TypeScript", 56, 0, 0, 0, 0, 0, 0, 0, 0, 0, 0, 0, 0, 0, 0, 0, 0, 8, 64
"/home/orinda/projects/my-app/packages/backend/src/common/utils/phone-number-format.ts", "TypeScript", 24, 0, 0, 0, 0, 0, 0, 0, 0, 0, 0, 0, 0, 0, 0, 0, 1, 9, 34
"/home/orinda/projects/my-app/packages/backend/src/common/utils/resend-mailer.ts", "TypeScript", 49, 0, 0, 0, 0, 0, 0, 0, 0, 0, 0, 0, 0, 0, 0, 0, 1, 8, 58
"/home/orinda/projects/my-app/packages/backend/src/common/utils/responder.ts", "TypeScript", 69, 0, 0, 0, 0, 0, 0, 0, 0, 0, 0, 0, 0, 0, 0, 0, 1, 12, 82
"/home/orinda/projects/my-app/packages/backend/src/common/utils/user-request-audit.ts", "TypeScript", 20, 0, 0, 0, 0, 0, 0, 0, 0, 0, 0, 0, 0, 0, 0, 0, 1, 5, 26
"/home/orinda/projects/my-app/packages/backend/src/common/utils/uuid.ts", "TypeScript", 25, 0, 0, 0, 0, 0, 0, 0, 0, 0, 0, 0, 0, 0, 0, 0, 12, 7, 44
"/home/orinda/projects/my-app/packages/backend/src/db/index.ts", "TypeScript", 10, 0, 0, 0, 0, 0, 0, 0, 0, 0, 0, 0, 0, 0, 0, 0, 1, 3, 14
"/home/orinda/projects/my-app/packages/backend/src/db/migrations/0000_talented_hulk.sql", "MS SQL", 0, 0, 0, 0, 18, 0, 0, 0, 0, 0, 0, 0, 0, 0, 0, 0, 0, 1, 19
"/home/orinda/projects/my-app/packages/backend/src/db/migrations/0001_fearless_vulture.sql", "MS SQL", 0, 0, 0, 0, 15, 0, 0, 0, 0, 0, 0, 0, 0, 0, 0, 0, 1, 0, 16
"/home/orinda/projects/my-app/packages/backend/src/db/migrations/0002_equal_stardust.sql", "MS SQL", 0, 0, 0, 0, 13, 0, 0, 0, 0, 0, 0, 0, 0, 0, 0, 0, 0, 1, 14
"/home/orinda/projects/my-app/packages/backend/src/db/migrations/0003_rich_wildside.sql", "MS SQL", 0, 0, 0, 0, 35, 0, 0, 0, 0, 0, 0, 0, 0, 0, 0, 0, 2, 0, 37
"/home/orinda/projects/my-app/packages/backend/src/db/migrations/0004_glorious_archangel.sql", "MS SQL", 0, 0, 0, 0, 24, 0, 0, 0, 0, 0, 0, 0, 0, 0, 0, 0, 1, 0, 25
"/home/orinda/projects/my-app/packages/backend/src/db/migrations/0005_sparkling_ender_wiggin.sql", "MS SQL", 0, 0, 0, 0, 2, 0, 0, 0, 0, 0, 0, 0, 0, 0, 0, 0, 0, 0, 2
"/home/orinda/projects/my-app/packages/backend/src/db/migrations/0006_crazy_vulcan.sql", "MS SQL", 0, 0, 0, 0, 1, 0, 0, 0, 0, 0, 0, 0, 0, 0, 0, 0, 0, 0, 1
"/home/orinda/projects/my-app/packages/backend/src/db/migrations/0007_deep_inhumans.sql", "MS SQL", 0, 0, 0, 0, 2, 0, 0, 0, 0, 0, 0, 0, 0, 0, 0, 0, 0, 0, 2
"/home/orinda/projects/my-app/packages/backend/src/db/migrations/0008_fair_romulus.sql", "MS SQL", 0, 0, 0, 0, 2, 0, 0, 0, 0, 0, 0, 0, 0, 0, 0, 0, 0, 0, 2
"/home/orinda/projects/my-app/packages/backend/src/db/migrations/0009_mysterious_whizzer.sql", "MS SQL", 0, 0, 0, 0, 2, 0, 0, 0, 0, 0, 0, 0, 0, 0, 0, 0, 0, 0, 2
"/home/orinda/projects/my-app/packages/backend/src/db/migrations/0010_warm_scorpion.sql", "MS SQL", 0, 0, 0, 0, 1, 0, 0, 0, 0, 0, 0, 0, 0, 0, 0, 0, 0, 0, 1
"/home/orinda/projects/my-app/packages/backend/src/db/migrations/1739598973_brave_jackpot.sql", "MS SQL", 0, 0, 0, 0, 8, 0, 0, 0, 0, 0, 0, 0, 0, 0, 0, 0, 0, 1, 9
"/home/orinda/projects/my-app/packages/backend/src/db/migrations/1739599160_solid_dreadnoughts.sql", "MS SQL", 0, 0, 0, 0, 15, 0, 0, 0, 0, 0, 0, 0, 0, 0, 0, 0, 1, 1, 17
"/home/orinda/projects/my-app/packages/backend/src/db/migrations/1739599231_late_roland_deschain.sql", "MS SQL", 0, 0, 0, 0, 8, 0, 0, 0, 0, 0, 0, 0, 0, 0, 0, 0, 0, 1, 9
"/home/orinda/projects/my-app/packages/backend/src/db/migrations/1739599636_simple_marvel_zombies.sql", "MS SQL", 0, 0, 0, 0, 18, 0, 0, 0, 0, 0, 0, 0, 0, 0, 0, 0, 2, 1, 21
"/home/orinda/projects/my-app/packages/backend/src/db/migrations/1739599888_quiet_blonde_phantom.sql", "MS SQL", 0, 0, 0, 0, 24, 0, 0, 0, 0, 0, 0, 0, 0, 0, 0, 0, 3, 1, 28
"/home/orinda/projects/my-app/packages/backend/src/db/migrations/1739601105_sudden_goliath.sql", "MS SQL", 0, 0, 0, 0, 44, 0, 0, 0, 0, 0, 0, 0, 0, 0, 0, 0, 8, 0, 52
"/home/orinda/projects/my-app/packages/backend/src/db/migrations/1739601533_concerned_magus.sql", "MS SQL", 0, 0, 0, 0, 27, 0, 0, 0, 0, 0, 0, 0, 0, 0, 0, 0, 3, 1, 31
"/home/orinda/projects/my-app/packages/backend/src/db/migrations/1739635845_long_silk_fever.sql", "MS SQL", 0, 0, 0, 0, 58, 0, 0, 0, 0, 0, 0, 0, 0, 0, 0, 0, 9, 0, 67
"/home/orinda/projects/my-app/packages/backend/src/db/migrations/1739636221_slimy_ravenous.sql", "MS SQL", 0, 0, 0, 0, 20, 0, 0, 0, 0, 0, 0, 0, 0, 0, 0, 0, 2, 1, 23
"/home/orinda/projects/my-app/packages/backend/src/db/migrations/1739722406_flippant_smiling_tiger.sql", "MS SQL", 0, 0, 0, 0, 1, 0, 0, 0, 0, 0, 0, 0, 0, 0, 0, 0, 0, 0, 1
"/home/orinda/projects/my-app/packages/backend/src/db/migrations/1739725294_sticky_doctor_strange.sql", "MS SQL", 0, 0, 0, 0, 1, 0, 0, 0, 0, 0, 0, 0, 0, 0, 0, 0, 0, 0, 1
"/home/orinda/projects/my-app/packages/backend/src/db/migrations/meta/0000_snapshot.json", "JSON", 0, 0, 0, 147, 0, 0, 0, 0, 0, 0, 0, 0, 0, 0, 0, 0, 0, 0, 147
"/home/orinda/projects/my-app/packages/backend/src/db/migrations/meta/0001_snapshot.json", "JSON", 0, 0, 0, 274, 0, 0, 0, 0, 0, 0, 0, 0, 0, 0, 0, 0, 0, 0, 274
"/home/orinda/projects/my-app/packages/backend/src/db/migrations/meta/0002_snapshot.json", "JSON", 0, 0, 0, 367, 0, 0, 0, 0, 0, 0, 0, 0, 0, 0, 0, 0, 0, 0, 367
"/home/orinda/projects/my-app/packages/backend/src/db/migrations/meta/0003_snapshot.json", "JSON", 0, 0, 0, 674, 0, 0, 0, 0, 0, 0, 0, 0, 0, 0, 0, 0, 0, 0, 674
"/home/orinda/projects/my-app/packages/backend/src/db/migrations/meta/0004_snapshot.json", "JSON", 0, 0, 0, 886, 0, 0, 0, 0, 0, 0, 0, 0, 0, 0, 0, 0, 0, 0, 886
"/home/orinda/projects/my-app/packages/backend/src/db/migrations/meta/0005_snapshot.json", "JSON", 0, 0, 0, 899, 0, 0, 0, 0, 0, 0, 0, 0, 0, 0, 0, 0, 0, 0, 899
"/home/orinda/projects/my-app/packages/backend/src/db/migrations/meta/0006_snapshot.json", "JSON", 0, 0, 0, 899, 0, 0, 0, 0, 0, 0, 0, 0, 0, 0, 0, 0, 0, 0, 899
"/home/orinda/projects/my-app/packages/backend/src/db/migrations/meta/0007_snapshot.json", "JSON", 0, 0, 0, 914, 0, 0, 0, 0, 0, 0, 0, 0, 0, 0, 0, 0, 0, 0, 914
"/home/orinda/projects/my-app/packages/backend/src/db/migrations/meta/0008_snapshot.json", "JSON", 0, 0, 0, 928, 0, 0, 0, 0, 0, 0, 0, 0, 0, 0, 0, 0, 0, 0, 928
"/home/orinda/projects/my-app/packages/backend/src/db/migrations/meta/0009_snapshot.json", "JSON", 0, 0, 0, 942, 0, 0, 0, 0, 0, 0, 0, 0, 0, 0, 0, 0, 0, 0, 942
"/home/orinda/projects/my-app/packages/backend/src/db/migrations/meta/0010_snapshot.json", "JSON", 0, 0, 0, 949, 0, 0, 0, 0, 0, 0, 0, 0, 0, 0, 0, 0, 0, 0, 949
"/home/orinda/projects/my-app/packages/backend/src/db/migrations/meta/1739598973_snapshot.json", "JSON", 0, 0, 0, 1011, 0, 0, 0, 0, 0, 0, 0, 0, 0, 0, 0, 0, 0, 0, 1011
"/home/orinda/projects/my-app/packages/backend/src/db/migrations/meta/1739599160_snapshot.json", "JSON", 0, 0, 0, 1101, 0, 0, 0, 0, 0, 0, 0, 0, 0, 0, 0, 0, 0, 0, 1101
"/home/orinda/projects/my-app/packages/backend/src/db/migrations/meta/1739599231_snapshot.json", "JSON", 0, 0, 0, 1163, 0, 0, 0, 0, 0, 0, 0, 0, 0, 0, 0, 0, 0, 0, 1163
"/home/orinda/projects/my-app/packages/backend/src/db/migrations/meta/1739599636_snapshot.json", "JSON", 0, 0, 0, 1243, 0, 0, 0, 0, 0, 0, 0, 0, 0, 0, 0, 0, 0, 0, 1243
"/home/orinda/projects/my-app/packages/backend/src/db/migrations/meta/1739599888_snapshot.json", "JSON", 0, 0, 0, 1343, 0, 0, 0, 0, 0, 0, 0, 0, 0, 0, 0, 0, 0, 0, 1343
"/home/orinda/projects/my-app/packages/backend/src/db/migrations/meta/1739601105_snapshot.json", "JSON", 0, 0, 0, 1440, 0, 0, 0, 0, 0, 0, 0, 0, 0, 0, 0, 0, 0, 0, 1440
"/home/orinda/projects/my-app/packages/backend/src/db/migrations/meta/1739601533_snapshot.json", "JSON", 0, 0, 0, 1567, 0, 0, 0, 0, 0, 0, 0, 0, 0, 0, 0, 0, 0, 0, 1567
"/home/orinda/projects/my-app/packages/backend/src/db/migrations/meta/1739635845_snapshot.json", "JSON", 0, 0, 0, 1799, 0, 0, 0, 0, 0, 0, 0, 0, 0, 0, 0, 0, 0, 0, 1799
"/home/orinda/projects/my-app/packages/backend/src/db/migrations/meta/1739636221_snapshot.json", "JSON", 0, 0, 0, 1903, 0, 0, 0, 0, 0, 0, 0, 0, 0, 0, 0, 0, 0, 0, 1903
"/home/orinda/projects/my-app/packages/backend/src/db/migrations/meta/1739722406_snapshot.json", "JSON", 0, 0, 0, 1912, 0, 0, 0, 0, 0, 0, 0, 0, 0, 0, 0, 0, 0, 0, 1912
"/home/orinda/projects/my-app/packages/backend/src/db/migrations/meta/1739725294_snapshot.json", "JSON", 0, 0, 0, 1905, 0, 0, 0, 0, 0, 0, 0, 0, 0, 0, 0, 0, 0, 0, 1905
"/home/orinda/projects/my-app/packages/backend/src/db/migrations/meta/_journal.json", "JSON", 0, 0, 0, 160, 0, 0, 0, 0, 0, 0, 0, 0, 0, 0, 0, 0, 0, 0, 160
"/home/orinda/projects/my-app/packages/backend/src/db/schema/auth-module.ts", "TypeScript", 13, 0, 0, 0, 0, 0, 0, 0, 0, 0, 0, 0, 0, 0, 0, 0, 0, 3, 16
"/home/orinda/projects/my-app/packages/backend/src/db/schema/auth-permission.ts", "TypeScript", 22, 0, 0, 0, 0, 0, 0, 0, 0, 0, 0, 0, 0, 0, 0, 0, 0, 3, 25
"/home/orinda/projects/my-app/packages/backend/src/db/schema/auth-role.ts", "TypeScript", 13, 0, 0, 0, 0, 0, 0, 0, 0, 0, 0, 0, 0, 0, 0, 0, 0, 3, 16
"/home/orinda/projects/my-app/packages/backend/src/db/schema/auth-session.ts", "TypeScript", 34, 0, 0, 0, 0, 0, 0, 0, 0, 0, 0, 0, 0, 0, 0, 0, 1, 3, 38
"/home/orinda/projects/my-app/packages/backend/src/db/schema/department-role-title.ts", "TypeScript", 58, 0, 0, 0, 0, 0, 0, 0, 0, 0, 0, 0, 0, 0, 0, 0, 1, 5, 64
"/home/orinda/projects/my-app/packages/backend/src/db/schema/department-user-role.ts", "TypeScript", 66, 0, 0, 0, 0, 0, 0, 0, 0, 0, 0, 0, 0, 0, 0, 0, 7, 5, 78
"/home/orinda/projects/my-app/packages/backend/src/db/schema/department.ts", "TypeScript", 52, 0, 0, 0, 0, 0, 0, 0, 0, 0, 0, 0, 0, 0, 0, 0, 0, 5, 57
"/home/orinda/projects/my-app/packages/backend/src/db/schema/index.ts", "TypeScript", 14, 0, 0, 0, 0, 0, 0, 0, 0, 0, 0, 0, 0, 0, 0, 0, 0, 14, 28
"/home/orinda/projects/my-app/packages/backend/src/db/schema/organization-invite.ts", "TypeScript", 65, 0, 0, 0, 0, 0, 0, 0, 0, 0, 0, 0, 0, 0, 0, 0, 0, 6, 71
"/home/orinda/projects/my-app/packages/backend/src/db/schema/organization-member-designation.ts", "TypeScript", 59, 0, 0, 0, 0, 0, 0, 0, 0, 0, 0, 0, 0, 0, 0, 0, 1, 6, 66
"/home/orinda/projects/my-app/packages/backend/src/db/schema/organization-member.ts", "TypeScript", 76, 0, 0, 0, 0, 0, 0, 0, 0, 0, 0, 0, 0, 0, 0, 0, 0, 4, 80
"/home/orinda/projects/my-app/packages/backend/src/db/schema/organization.ts", "TypeScript", 41, 0, 0, 0, 0, 0, 0, 0, 0, 0, 0, 0, 0, 0, 0, 0, 0, 6, 47
"/home/orinda/projects/my-app/packages/backend/src/db/schema/role-permission.ts", "TypeScript", 33, 0, 0, 0, 0, 0, 0, 0, 0, 0, 0, 0, 0, 0, 0, 0, 0, 3, 36
"/home/orinda/projects/my-app/packages/backend/src/db/schema/user-role.ts", "TypeScript", 44, 0, 0, 0, 0, 0, 0, 0, 0, 0, 0, 0, 0, 0, 0, 0, 0, 3, 47
"/home/orinda/projects/my-app/packages/backend/src/db/schema/user.ts", "TypeScript", 36, 0, 0, 0, 0, 0, 0, 0, 0, 0, 0, 0, 0, 0, 0, 0, 0, 5, 41
"/home/orinda/projects/my-app/packages/backend/src/index.ts", "TypeScript", 5, 0, 0, 0, 0, 0, 0, 0, 0, 0, 0, 0, 0, 0, 0, 0, 0, 3, 8
"/home/orinda/projects/my-app/packages/backend/src/server/index.ts", "TypeScript", 47, 0, 0, 0, 0, 0, 0, 0, 0, 0, 0, 0, 0, 0, 0, 0, 1, 13, 61
"/home/orinda/projects/my-app/packages/backend/src/test/setup.ts", "TypeScript", 1, 0, 0, 0, 0, 0, 0, 0, 0, 0, 0, 0, 0, 0, 0, 0, 0, 1, 2
"/home/orinda/projects/my-app/packages/backend/tsconfig.dev.json", "JSON", 0, 0, 0, 8, 0, 0, 0, 0, 0, 0, 0, 0, 0, 0, 0, 0, 1, 0, 9
"/home/orinda/projects/my-app/packages/backend/tsconfig.json", "JSON with Comments", 0, 0, 0, 0, 0, 0, 0, 0, 61, 0, 0, 0, 0, 0, 0, 0, 1, 1, 63
"/home/orinda/projects/my-app/packages/backend/vitest.config.ts", "TypeScript", 12, 0, 0, 0, 0, 0, 0, 0, 0, 0, 0, 0, 0, 0, 0, 0, 1, 1, 14
"/home/orinda/projects/my-app/packages/web/.dockerignore", "Ignore", 0, 0, 0, 0, 0, 0, 0, 4, 0, 0, 0, 0, 0, 0, 0, 0, 0, 0, 4
"/home/orinda/projects/my-app/packages/web/.prettierrc.json", "JSON", 0, 0, 0, 6, 0, 0, 0, 0, 0, 0, 0, 0, 0, 0, 0, 0, 0, 2, 8
"/home/orinda/projects/my-app/packages/web/Dockerfile", "Docker", 0, 0, 0, 0, 0, 0, 14, 0, 0, 0, 0, 0, 0, 0, 0, 0, 8, 8, 30
"/home/orinda/projects/my-app/packages/web/README.md", "Markdown", 0, 43, 0, 0, 0, 0, 0, 0, 0, 0, 0, 0, 0, 0, 0, 0, 0, 22, 65
"/home/orinda/projects/my-app/packages/web/e2e/tsconfig.json", "JSON with Comments", 0, 0, 0, 0, 0, 0, 0, 0, 4, 0, 0, 0, 0, 0, 0, 0, 0, 1, 5
"/home/orinda/projects/my-app/packages/web/e2e/vue.spec.ts", "TypeScript", 5, 0, 0, 0, 0, 0, 0, 0, 0, 0, 0, 0, 0, 0, 0, 0, 2, 2, 9
"/home/orinda/projects/my-app/packages/web/env.d.ts", "TypeScript", 0, 0, 0, 0, 0, 0, 0, 0, 0, 0, 0, 0, 0, 0, 0, 0, 1, 1, 2
"/home/orinda/projects/my-app/packages/web/eslint.config.ts", "TypeScript", 29, 0, 0, 0, 0, 0, 0, 0, 0, 0, 0, 0, 0, 0, 0, 0, 4, 8, 41
"/home/orinda/projects/my-app/packages/web/index.html", "HTML", 0, 0, 0, 0, 0, 0, 0, 0, 0, 0, 13, 0, 0, 0, 0, 0, 0, 1, 14
"/home/orinda/projects/my-app/packages/web/nginx/nginx.conf", "NGINX Conf", 0, 0, 0, 0, 0, 0, 0, 0, 0, 0, 0, 0, 0, 0, 0, 9, 1, 2, 12
"/home/orinda/projects/my-app/packages/web/package.json", "JSON", 0, 0, 0, 62, 0, 0, 0, 0, 0, 0, 0, 0, 0, 0, 0, 0, 0, 1, 63
"/home/orinda/projects/my-app/packages/web/playwright.config.ts", "TypeScript", 44, 0, 0, 0, 0, 0, 0, 0, 0, 0, 0, 0, 0, 0, 0, 0, 57, 10, 111
"/home/orinda/projects/my-app/packages/web/postcss.config.mjs", "JavaScript", 0, 0, 0, 0, 0, 5, 0, 0, 0, 0, 0, 0, 0, 0, 0, 0, 0, 1, 6
"/home/orinda/projects/my-app/packages/web/src/App.vue", "vue", 0, 0, 0, 0, 0, 0, 0, 0, 0, 0, 0, 0, 0, 0, 8, 0, 0, 2, 10
"/home/orinda/projects/my-app/packages/web/src/assets/logo.svg", "XML", 0, 0, 0, 0, 0, 0, 0, 0, 0, 0, 0, 0, 0, 1, 0, 0, 0, 1, 2
"/home/orinda/projects/my-app/packages/web/src/assets/main.css", "CSS", 0, 0, 0, 0, 0, 0, 0, 0, 0, 0, 0, 0, 11, 0, 0, 0, 0, 1, 12
"/home/orinda/projects/my-app/packages/web/src/components/d-table/d-table-t-body.vue", "vue", 0, 0, 0, 0, 0, 0, 0, 0, 0, 0, 0, 0, 0, 0, 45, 0, 0, 9, 54
"/home/orinda/projects/my-app/packages/web/src/components/d-table/d-table-t-head.vue", "vue", 0, 0, 0, 0, 0, 0, 0, 0, 0, 0, 0, 0, 0, 0, 64, 0, 0, 7, 71
"/home/orinda/projects/my-app/packages/web/src/components/d-table/d-table-t-pagination.vue", "vue", 0, 0, 0, 0, 0, 0, 0, 0, 0, 0, 0, 0, 0, 0, 90, 0, 4, 11, 105
"/home/orinda/projects/my-app/packages/web/src/components/d-table/d-table.vue", "vue", 0, 0, 0, 0, 0, 0, 0, 0, 0, 0, 0, 0, 0, 0, 83, 0, 1, 8, 92
"/home/orinda/projects/my-app/packages/web/src/components/d-table/t-action-buttons.vue", "vue", 0, 0, 0, 0, 0, 0, 0, 0, 0, 0, 0, 0, 0, 0, 5, 0, 0, 3, 8
"/home/orinda/projects/my-app/packages/web/src/components/form/form-password-input.vue", "vue", 0, 0, 0, 0, 0, 0, 0, 0, 0, 0, 0, 0, 0, 0, 63, 0, 8, 12, 83
"/home/orinda/projects/my-app/packages/web/src/components/form/form-text-input.vue", "vue", 0, 0, 0, 0, 0, 0, 0, 0, 0, 0, 0, 0, 0, 0, 71, 0, 5, 11, 87
"/home/orinda/projects/my-app/packages/web/src/components/hello-world.vue", "vue", 0, 0, 0, 0, 0, 0, 0, 0, 0, 0, 0, 0, 0, 0, 36, 0, 0, 6, 42
"/home/orinda/projects/my-app/packages/web/src/components/hmp/hmp-banner.spec.ts", "TypeScript", 9, 0, 0, 0, 0, 0, 0, 0, 0, 0, 0, 0, 0, 0, 0, 0, 0, 3, 12
"/home/orinda/projects/my-app/packages/web/src/components/hmp/hmp-banner.vue", "vue", 0, 0, 0, 0, 0, 0, 0, 0, 0, 0, 0, 0, 0, 0, 33, 0, 0, 2, 35
"/home/orinda/projects/my-app/packages/web/src/components/hmp/hmp-team-member.spec.ts", "TypeScript", 48, 0, 0, 0, 0, 0, 0, 0, 0, 0, 0, 0, 0, 0, 0, 0, 0, 5, 53
"/home/orinda/projects/my-app/packages/web/src/components/hmp/hmp-team-member.vue", "vue", 0, 0, 0, 0, 0, 0, 0, 0, 0, 0, 0, 0, 0, 0, 27, 0, 0, 2, 29
"/home/orinda/projects/my-app/packages/web/src/components/hmp/hmp-team.spec.ts", "TypeScript", 80, 0, 0, 0, 0, 0, 0, 0, 0, 0, 0, 0, 0, 0, 0, 0, 0, 5, 85
"/home/orinda/projects/my-app/packages/web/src/components/hmp/hmp-team.vue", "vue", 0, 0, 0, 0, 0, 0, 0, 0, 0, 0, 0, 0, 0, 0, 27, 0, 1, 3, 31
"/home/orinda/projects/my-app/packages/web/src/components/hmp/hmp-why-choice.vue", "vue", 0, 0, 0, 0, 0, 0, 0, 0, 0, 0, 0, 0, 0, 0, 48, 0, 0, 2, 50
"/home/orinda/projects/my-app/packages/web/src/components/icons/IconCommunity.vue", "vue", 0, 0, 0, 0, 0, 0, 0, 0, 0, 0, 0, 0, 0, 0, 7, 0, 0, 1, 8
"/home/orinda/projects/my-app/packages/web/src/components/icons/IconDocumentation.vue", "vue", 0, 0, 0, 0, 0, 0, 0, 0, 0, 0, 0, 0, 0, 0, 7, 0, 0, 1, 8
"/home/orinda/projects/my-app/packages/web/src/components/icons/IconEcosystem.vue", "vue", 0, 0, 0, 0, 0, 0, 0, 0, 0, 0, 0, 0, 0, 0, 7, 0, 0, 1, 8
"/home/orinda/projects/my-app/packages/web/src/components/icons/IconSupport.vue", "vue", 0, 0, 0, 0, 0, 0, 0, 0, 0, 0, 0, 0, 0, 0, 7, 0, 0, 1, 8
"/home/orinda/projects/my-app/packages/web/src/components/icons/IconTooling.vue", "vue", 0, 0, 0, 0, 0, 0, 0, 0, 0, 0, 0, 0, 0, 0, 18, 0, 1, 1, 20
"/home/orinda/projects/my-app/packages/web/src/components/loading.vue", "vue", 0, 0, 0, 0, 0, 0, 0, 0, 0, 0, 0, 0, 0, 0, 39, 0, 0, 3, 42
"/home/orinda/projects/my-app/packages/web/src/components/modals/modal-create-designation.vue", "vue", 0, 0, 0, 0, 0, 0, 0, 0, 0, 0, 0, 0, 0, 0, 5, 0, 0, 3, 8
"/home/orinda/projects/my-app/packages/web/src/components/modals/modal-create-or-update-department-title.vue", "vue", 0, 0, 0, 0, 0, 0, 0, 0, 0, 0, 0, 0, 0, 0, 101, 0, 0, 4, 105
"/home/orinda/projects/my-app/packages/web/src/components/modals/modal-create-or-update-department.vue", "vue", 0, 0, 0, 0, 0, 0, 0, 0, 0, 0, 0, 0, 0, 0, 101, 0, 0, 4, 105
"/home/orinda/projects/my-app/packages/web/src/components/modals/modal-create-or-update-org-designation.vue", "vue", 0, 0, 0, 0, 0, 0, 0, 0, 0, 0, 0, 0, 0, 0, 101, 0, 0, 4, 105
"/home/orinda/projects/my-app/packages/web/src/components/modals/modal-form-create-org.vue", "vue", 0, 0, 0, 0, 0, 0, 0, 0, 0, 0, 0, 0, 0, 0, 45, 0, 0, 2, 47
"/home/orinda/projects/my-app/packages/web/src/components/nav-bar-item.vue", "vue", 0, 0, 0, 0, 0, 0, 0, 0, 0, 0, 0, 0, 0, 0, 46, 0, 0, 2, 48
"/home/orinda/projects/my-app/packages/web/src/components/nav-bar.vue", "vue", 0, 0, 0, 0, 0, 0, 0, 0, 0, 0, 0, 0, 0, 0, 24, 0, 1, 2, 27
"/home/orinda/projects/my-app/packages/web/src/components/org/org-create.vue", "vue", 0, 0, 0, 0, 0, 0, 0, 0, 0, 0, 0, 0, 0, 0, 56, 0, 0, 5, 61
"/home/orinda/projects/my-app/packages/web/src/components/org/org-dashboard-header.vue", "vue", 0, 0, 0, 0, 0, 0, 0, 0, 0, 0, 0, 0, 0, 0, 126, 0, 0, 2, 128
"/home/orinda/projects/my-app/packages/web/src/components/org/org-dashboard-sidebar.vue", "vue", 0, 0, 0, 0, 0, 0, 0, 0, 0, 0, 0, 0, 0, 0, 140, 0, 0, 5, 145
"/home/orinda/projects/my-app/packages/web/src/components/org/org-layout-header.vue", "vue", 0, 0, 0, 0, 0, 0, 0, 0, 0, 0, 0, 0, 0, 0, 29, 0, 1, 1, 31
"/home/orinda/projects/my-app/packages/web/src/components/org/org-sidebar-menu-item.vue", "vue", 0, 0, 0, 0, 0, 0, 0, 0, 0, 0, 0, 0, 0, 0, 68, 0, 0, 6, 74
"/home/orinda/projects/my-app/packages/web/src/components/org/setup/org-department-listing.vue", "vue", 0, 0, 0, 0, 0, 0, 0, 0, 0, 0, 0, 0, 0, 0, 155, 0, 1, 12, 168
"/home/orinda/projects/my-app/packages/web/src/components/org/setup/org-department-title-listing.vue", "vue", 0, 0, 0, 0, 0, 0, 0, 0, 0, 0, 0, 0, 0, 0, 155, 0, 0, 8, 163
"/home/orinda/projects/my-app/packages/web/src/components/the-welcome.vue", "vue", 0, 0, 0, 0, 0, 0, 0, 0, 0, 0, 0, 0, 0, 0, 81, 0, 0, 14, 95
"/home/orinda/projects/my-app/packages/web/src/components/welcome-item.vue", "vue", 0, 0, 0, 0, 0, 0, 0, 0, 0, 0, 0, 0, 0, 0, 76, 0, 0, 12, 88
"/home/orinda/projects/my-app/packages/web/src/composables/use-axios.ts", "TypeScript", 19, 0, 0, 0, 0, 0, 0, 0, 0, 0, 0, 0, 0, 0, 0, 0, 0, 3, 22
"/home/orinda/projects/my-app/packages/web/src/composables/use-notification.ts", "TypeScript", 8, 0, 0, 0, 0, 0, 0, 0, 0, 0, 0, 0, 0, 0, 0, 0, 0, 2, 10
"/home/orinda/projects/my-app/packages/web/src/composables/use-organization-members.ts", "TypeScript", 41, 0, 0, 0, 0, 0, 0, 0, 0, 0, 0, 0, 0, 0, 0, 0, 0, 7, 48
"/home/orinda/projects/my-app/packages/web/src/layouts/default-layout.vue", "vue", 0, 0, 0, 0, 0, 0, 0, 0, 0, 0, 0, 0, 0, 0, 10, 0, 0, 2, 12
"/home/orinda/projects/my-app/packages/web/src/layouts/empty-layout.vue", "vue", 0, 0, 0, 0, 0, 0, 0, 0, 0, 0, 0, 0, 0, 0, 3, 0, 0, 1, 4
"/home/orinda/projects/my-app/packages/web/src/layouts/org-layout.vue", "vue", 0, 0, 0, 0, 0, 0, 0, 0, 0, 0, 0, 0, 0, 0, 7, 0, 0, 3, 10
"/home/orinda/projects/my-app/packages/web/src/layouts/single-org-layout.vue", "vue", 0, 0, 0, 0, 0, 0, 0, 0, 0, 0, 0, 0, 0, 0, 37, 0, 4, 6, 47
"/home/orinda/projects/my-app/packages/web/src/layouts/suspense-layout.vue", "vue", 0, 0, 0, 0, 0, 0, 0, 0, 0, 0, 0, 0, 0, 0, 14, 0, 0, 3, 17
"/home/orinda/projects/my-app/packages/web/src/lib/cols/departments-col.ts", "TypeScript", 64, 0, 0, 0, 0, 0, 0, 0, 0, 0, 0, 0, 0, 0, 0, 0, 0, 2, 66
"/home/orinda/projects/my-app/packages/web/src/lib/cols/designation-cols.ts", "TypeScript", 61, 0, 0, 0, 0, 0, 0, 0, 0, 0, 0, 0, 0, 0, 0, 0, 0, 3, 64
"/home/orinda/projects/my-app/packages/web/src/lib/cols/org-department-title-col.ts", "TypeScript", 60, 0, 0, 0, 0, 0, 0, 0, 0, 0, 0, 0, 0, 0, 0, 0, 1, 2, 63
"/home/orinda/projects/my-app/packages/web/src/lib/cols/org-member-cols.ts", "TypeScript", 17, 0, 0, 0, 0, 0, 0, 0, 0, 0, 0, 0, 0, 0, 0, 0, 0, 2, 19
"/home/orinda/projects/my-app/packages/web/src/lib/constants/api.ts", "TypeScript", 1, 0, 0, 0, 0, 0, 0, 0, 0, 0, 0, 0, 0, 0, 0, 0, 0, 1, 2
"/home/orinda/projects/my-app/packages/web/src/lib/data/nav.ts", "TypeScript", 48, 0, 0, 0, 0, 0, 0, 0, 0, 0, 0, 0, 0, 0, 0, 0, 0, 2, 50
"/home/orinda/projects/my-app/packages/web/src/lib/data/organization-setup-tabs.ts", "TypeScript", 27, 0, 0, 0, 0, 0, 0, 0, 0, 0, 0, 0, 0, 0, 0, 0, 5, 2, 34
"/home/orinda/projects/my-app/packages/web/src/lib/data/sample-staff.json", "JSON", 0, 0, 0, 128, 0, 0, 0, 0, 0, 0, 0, 0, 0, 0, 0, 0, 0, 1, 129
"/home/orinda/projects/my-app/packages/web/src/lib/data/team.ts", "TypeScript", 33, 0, 0, 0, 0, 0, 0, 0, 0, 0, 0, 0, 0, 0, 0, 0, 0, 2, 35
"/home/orinda/projects/my-app/packages/web/src/lib/data/why-choose-us.ts", "TypeScript", 22, 0, 0, 0, 0, 0, 0, 0, 0, 0, 0, 0, 0, 0, 0, 0, 0, 1, 23
"/home/orinda/projects/my-app/packages/web/src/main.ts", "TypeScript", 11, 0, 0, 0, 0, 0, 0, 0, 0, 0, 0, 0, 0, 0, 0, 0, 0, 8, 19
"/home/orinda/projects/my-app/packages/web/src/queries/department-title-query.ts", "TypeScript", 103, 0, 0, 0, 0, 0, 0, 0, 0, 0, 0, 0, 0, 0, 0, 0, 12, 14, 129
"/home/orinda/projects/my-app/packages/web/src/queries/departments-query.ts", "TypeScript", 103, 0, 0, 0, 0, 0, 0, 0, 0, 0, 0, 0, 0, 0, 0, 0, 12, 14, 129
"/home/orinda/projects/my-app/packages/web/src/queries/designations-query.ts", "TypeScript", 38, 0, 0, 0, 0, 0, 0, 0, 0, 0, 0, 0, 0, 0, 0, 0, 1, 7, 46
"/home/orinda/projects/my-app/packages/web/src/queries/org-designation-query.ts", "TypeScript", 111, 0, 0, 0, 0, 0, 0, 0, 0, 0, 0, 0, 0, 0, 0, 0, 53, 21, 185
"/home/orinda/projects/my-app/packages/web/src/queries/org-members-query.ts", "TypeScript", 24, 0, 0, 0, 0, 0, 0, 0, 0, 0, 0, 0, 0, 0, 0, 0, 51, 12, 87
"/home/orinda/projects/my-app/packages/web/src/router/before-and-after-each.ts", "TypeScript", 32, 0, 0, 0, 0, 0, 0, 0, 0, 0, 0, 0, 0, 0, 0, 0, 1, 4, 37
"/home/orinda/projects/my-app/packages/web/src/router/index.ts", "TypeScript", 124, 0, 0, 0, 0, 0, 0, 0, 0, 0, 0, 0, 0, 0, 0, 0, 0, 5, 129
"/home/orinda/projects/my-app/packages/web/src/schema/create-department-schema.ts", "TypeScript", 8, 0, 0, 0, 0, 0, 0, 0, 0, 0, 0, 0, 0, 0, 0, 0, 0, 3, 11
"/home/orinda/projects/my-app/packages/web/src/schema/create-department-title-schema.ts", "TypeScript", 8, 0, 0, 0, 0, 0, 0, 0, 0, 0, 0, 0, 0, 0, 0, 0, 0, 2, 10
"/home/orinda/projects/my-app/packages/web/src/schema/create-designation-schema.ts", "TypeScript", 6, 0, 0, 0, 0, 0, 0, 0, 0, 0, 0, 0, 0, 0, 0, 0, 0, 3, 9
"/home/orinda/projects/my-app/packages/web/src/schema/create-org-designation-schema.ts", "TypeScript", 8, 0, 0, 0, 0, 0, 0, 0, 0, 0, 0, 0, 0, 0, 0, 0, 0, 2, 10
"/home/orinda/projects/my-app/packages/web/src/schema/create-organization-schema.ts", "TypeScript", 26, 0, 0, 0, 0, 0, 0, 0, 0, 0, 0, 0, 0, 0, 0, 0, 0, 3, 29
"/home/orinda/projects/my-app/packages/web/src/schema/gender-schema.ts", "TypeScript", 3, 0, 0, 0, 0, 0, 0, 0, 0, 0, 0, 0, 0, 0, 0, 0, 0, 2, 5
"/home/orinda/projects/my-app/packages/web/src/schema/login-schema.ts", "TypeScript", 18, 0, 0, 0, 0, 0, 0, 0, 0, 0, 0, 0, 0, 0, 0, 0, 4, 5, 27
"/home/orinda/projects/my-app/packages/web/src/schema/register-user-schema.ts", "TypeScript", 37, 0, 0, 0, 0, 0, 0, 0, 0, 0, 0, 0, 0, 0, 0, 0, 5, 4, 46
"/home/orinda/projects/my-app/packages/web/src/stores/auth-store.ts", "TypeScript", 68, 0, 0, 0, 0, 0, 0, 0, 0, 0, 0, 0, 0, 0, 0, 0, 6, 10, 84
"/home/orinda/projects/my-app/packages/web/src/stores/counter.ts", "TypeScript", 10, 0, 0, 0, 0, 0, 0, 0, 0, 0, 0, 0, 0, 0, 0, 0, 0, 3, 13
"/home/orinda/projects/my-app/packages/web/src/stores/index.ts", "TypeScript", 15, 0, 0, 0, 0, 0, 0, 0, 0, 0, 0, 0, 0, 0, 0, 0, 0, 2, 17
"/home/orinda/projects/my-app/packages/web/src/stores/organization-store.ts", "TypeScript", 68, 0, 0, 0, 0, 0, 0, 0, 0, 0, 0, 0, 0, 0, 0, 0, 1, 7, 76
"/home/orinda/projects/my-app/packages/web/src/types/dash.d.ts", "TypeScript", 6, 0, 0, 0, 0, 0, 0, 0, 0, 0, 0, 0, 0, 0, 0, 0, 0, 1, 7
"/home/orinda/projects/my-app/packages/web/src/types/org.d.ts", "TypeScript", 110, 0, 0, 0, 0, 0, 0, 0, 0, 0, 0, 0, 0, 0, 0, 0, 1, 9, 120
"/home/orinda/projects/my-app/packages/web/src/types/resp.d.ts", "TypeScript", 7, 0, 0, 0, 0, 0, 0, 0, 0, 0, 0, 0, 0, 0, 0, 0, 0, 3, 10
"/home/orinda/projects/my-app/packages/web/src/types/session.d.ts", "TypeScript", 25, 0, 0, 0, 0, 0, 0, 0, 0, 0, 0, 0, 0, 0, 0, 0, 0, 3, 28
"/home/orinda/projects/my-app/packages/web/src/types/utils.d.ts", "TypeScript", 16, 0, 0, 0, 0, 0, 0, 0, 0, 0, 0, 0, 0, 0, 0, 0, 1, 3, 20
"/home/orinda/projects/my-app/packages/web/src/utils/extract-axios-error.ts", "TypeScript", 14, 0, 0, 0, 0, 0, 0, 0, 0, 0, 0, 0, 0, 0, 0, 0, 0, 3, 17
"/home/orinda/projects/my-app/packages/web/src/utils/resp-decode.ts", "TypeScript", 6, 0, 0, 0, 0, 0, 0, 0, 0, 0, 0, 0, 0, 0, 0, 0, 0, 1, 7
"/home/orinda/projects/my-app/packages/web/src/utils/state-update.ts", "TypeScript", 11, 0, 0, 0, 0, 0, 0, 0, 0, 0, 0, 0, 0, 0, 0, 0, 0, 2, 13
"/home/orinda/projects/my-app/packages/web/src/views/about-view.vue", "vue", 0, 0, 0, 0, 0, 0, 0, 0, 0, 0, 0, 0, 0, 0, 14, 0, 0, 2, 16
"/home/orinda/projects/my-app/packages/web/src/views/auth/auth-login.vue", "vue", 0, 0, 0, 0, 0, 0, 0, 0, 0, 0, 0, 0, 0, 0, 80, 0, 6, 4, 90
"/home/orinda/projects/my-app/packages/web/src/views/auth/auth-logout.vue", "vue", 0, 0, 0, 0, 0, 0, 0, 0, 0, 0, 0, 0, 0, 0, 15, 0, 0, 3, 18
"/home/orinda/projects/my-app/packages/web/src/views/auth/auth-register.vue", "vue", 0, 0, 0, 0, 0, 0, 0, 0, 0, 0, 0, 0, 0, 0, 112, 0, 0, 7, 119
"/home/orinda/projects/my-app/packages/web/src/views/index-page.vue", "vue", 0, 0, 0, 0, 0, 0, 0, 0, 0, 0, 0, 0, 0, 0, 12, 0, 0, 2, 14
"/home/orinda/projects/my-app/packages/web/src/views/org/id/organization-id-list-workspaces.vue", "vue", 0, 0, 0, 0, 0, 0, 0, 0, 0, 0, 0, 0, 0, 0, 5, 0, 0, 3, 8
"/home/orinda/projects/my-app/packages/web/src/views/org/id/organizations-id-members.vue", "vue", 0, 0, 0, 0, 0, 0, 0, 0, 0, 0, 0, 0, 0, 0, 19, 0, 1, 2, 22
"/home/orinda/projects/my-app/packages/web/src/views/org/id/organizations-id-settings.vue", "vue", 0, 0, 0, 0, 0, 0, 0, 0, 0, 0, 0, 0, 0, 0, 26, 0, 0, 7, 33
"/home/orinda/projects/my-app/packages/web/src/views/org/id/organizations-id-workspaces.vue", "vue", 0, 0, 0, 0, 0, 0, 0, 0, 0, 0, 0, 0, 0, 0, 8, 0, 0, 3, 11
"/home/orinda/projects/my-app/packages/web/src/views/org/id/single-organization-id.vue", "vue", 0, 0, 0, 0, 0, 0, 0, 0, 0, 0, 0, 0, 0, 0, 139, 0, 0, 6, 145
"/home/orinda/projects/my-app/packages/web/src/views/org/index-organizations.vue", "vue", 0, 0, 0, 0, 0, 0, 0, 0, 0, 0, 0, 0, 0, 0, 57, 0, 3, 6, 66
"/home/orinda/projects/my-app/packages/web/src/views/org/org-not-found.vue", "vue", 0, 0, 0, 0, 0, 0, 0, 0, 0, 0, 0, 0, 0, 0, 12, 0, 0, 1, 13
"/home/orinda/projects/my-app/packages/web/src/views/org/setup/org-departments-display.vue", "vue", 0, 0, 0, 0, 0, 0, 0, 0, 0, 0, 0, 0, 0, 0, 71, 0, 0, 7, 78
"/home/orinda/projects/my-app/packages/web/src/views/org/setup/org-member-designation.vue", "vue", 0, 0, 0, 0, 0, 0, 0, 0, 0, 0, 0, 0, 0, 0, 152, 0, 1, 11, 164
"/home/orinda/projects/my-app/packages/web/src/views/org/setup/org-members-display.vue", "vue", 0, 0, 0, 0, 0, 0, 0, 0, 0, 0, 0, 0, 0, 0, 15, 0, 1, 3, 19
"/home/orinda/projects/my-app/packages/web/src/views/org/setup/organization-id-setup.vue", "vue", 0, 0, 0, 0, 0, 0, 0, 0, 0, 0, 0, 0, 0, 0, 13, 0, 3, 3, 19
"/home/orinda/projects/my-app/packages/web/tsconfig.app.json", "JSON", 0, 0, 0, 18, 0, 0, 0, 0, 0, 0, 0, 0, 0, 0, 0, 0, 2, 1, 21
"/home/orinda/projects/my-app/packages/web/tsconfig.json", "JSON with Comments", 0, 0, 0, 0, 0, 0, 0, 0, 17, 0, 0, 0, 0, 0, 0, 0, 0, 0, 17
"/home/orinda/projects/my-app/packages/web/tsconfig.node.json", "JSON", 0, 0, 0, 19, 0, 0, 0, 0, 0, 0, 0, 0, 0, 0, 0, 0, 2, 1, 22
"/home/orinda/projects/my-app/packages/web/tsconfig.vitest.json", "JSON", 0, 0, 0, 16, 0, 0, 0, 0, 0, 0, 0, 0, 0, 0, 0, 0, 2, 1, 19
"/home/orinda/projects/my-app/packages/web/vite.config.ts", "TypeScript", 14, 0, 0, 0, 0, 0, 0, 0, 0, 0, 0, 0, 0, 0, 0, 0, 1, 3, 18
"/home/orinda/projects/my-app/packages/web/vitest.config.ts", "TypeScript", 14, 0, 0, 0, 0, 0, 0, 0, 0, 0, 0, 0, 0, 0, 0, 0, 0, 2, 16
"/home/orinda/projects/my-app/pnpm-lock.yaml", "YAML", 0, 0, 8275, 0, 0, 0, 0, 0, 0, 0, 0, 0, 0, 0, 0, 0, 0, 2185, 10460
"/home/orinda/projects/my-app/pnpm-workspace.yaml", "YAML", 0, 0, 3, 0, 0, 0, 0, 0, 0, 0, 0, 0, 0, 0, 0, 0, 6, 1, 10
"/home/orinda/projects/my-app/scripts/build-admin.sh", "Shell Script", 0, 0, 0, 0, 0, 0, 0, 0, 0, 8, 0, 0, 0, 0, 0, 0, 5, 1, 14
"/home/orinda/projects/my-app/scripts/build-backend.sh", "Shell Script", 0, 0, 0, 0, 0, 0, 0, 0, 0, 8, 0, 0, 0, 0, 0, 0, 5, 1, 14
"/home/orinda/projects/my-app/scripts/build-web.sh", "Shell Script", 0, 0, 0, 0, 0, 0, 0, 0, 0, 8, 0, 0, 0, 0, 0, 0, 5, 1, 14
"/home/orinda/projects/my-app/tasks/build-apps.ts", "TypeScript", 29, 0, 0, 0, 0, 0, 0, 0, 0, 0, 0, 0, 0, 0, 0, 0, 0, 5, 34
"/home/orinda/projects/my-app/tasks/docker-build.ts", "TypeScript", 13, 0, 0, 0, 0, 0, 0, 0, 0, 0, 0, 0, 0, 0, 0, 0, 0, 2, 15
"/home/orinda/projects/my-app/tsconfig.json", "JSON with Comments", 0, 0, 0, 0, 0, 0, 0, 0, 18, 0, 0, 0, 0, 0, 0, 0, 92, 1, 111
"Total", "-", 6085, 125, 8346, 24977, 339, 160, 48, 18, 113, 26, 26, 1963, 83, 67, 2815, 18, 892, 3746, 49847